Sample	Mutation
SRR412827_1009-003_Pretreatment_fw	/
SRR413267_1009-003_Relapse_fw	2585;GA>TT
SRR413268_1011-006_Pretreatment_fw	/
SRR413269_1011-006_Relapse_fw	2585;G>T
SRR413270_1011-007_Pretreatment_fw	/
SRR413271_1011-007_Relapse_fw	2155;T>G,2586;A>T
SRR413272_1005-004_Pretreatment_fw	/
SRR413273_1005-004_Relapse_fw	2155;T>G
SRR413274_1005-006_Pretreatment_fw	/
SRR413275_1005-006_Relapse_fw	2585;G>T
SRR413276_1005-007_Pretreatment_fw	/
SRR413277_1005-007_Relapse_fw	2586;A>T
SRR413278_1005-009_Pretreatment_fw	/
SRR413279_1005-009_Relapse_fw	2585;G>T
SRR413280_1005-010_Pretreatment_fw	/
SRR413281_1005-010_Relapse_fw	2155;T>G
